<scenario>
    <at t="25.5">
        <tell module="lifecycleController" target="host[16]" operation="NodeShutdownOperation"/>
    </at>
    <at t="25.5">
        <tell module="lifecycleController" target="host[19]" operation="NodeShutdownOperation"/>
    </at>
    <at t="25.5">
        <tell module="lifecycleController" target="host[10]" operation="NodeShutdownOperation"/>
    </at>
    <at t="25.5">
        <tell module="lifecycleController" target="host[17]" operation="NodeShutdownOperation"/>
    </at>
    <at t="25.5">
        <tell module="lifecycleController" target="host[4]" operation="NodeShutdownOperation"/>
    </at>
    <at t="25.5">
        <tell module="lifecycleController" target="host[7]" operation="NodeShutdownOperation"/>
    </at>
    <at t="25.5">
        <tell module="lifecycleController" target="host[14]" operation="NodeShutdownOperation"/>
    </at>
</scenario>
