<?xml version="1.0"?>
<!DOCTYPE checker SYSTEM "../../../etc/MessageChecker.dtd">
<!-- checker xmlns:xsi="http://www.w3.org/2001/XMLSchema-instance"
    xsi:noNamespaceSchemaLocation="MessageChecker.xsd" -->
<checker>
    <message occurence="1"/> <!-- msg tcp established -->
    <message occurence="1">
        <fieldValue name="className" value="inet::bgp::BGPOpenMessage"/>
        <fieldValue name="byteLength" value="29"/>
        <fieldValue name="myAS" value="65324"/>
        <fieldValue name="holdTime" value="180"/>
        <fieldValue name="BGPIdentifier" value="10.10.10.1"/>
    </message>
    <message occurence="1">
        <fieldValue name="className" value="inet::bgp::BGPKeepAliveMessage"/>
    </message>
</checker>
