<scenario>
    <at t="100">
        <disconnect src-module="Backbone.R[0]" src-gate="ethg$o[2]" />
        <disconnect src-module="Backbone.R[1]" src-gate="ethg$o[1]" />
    </at>
    <at t="500">
        <connect src-module="Backbone.R[0]" src-gate="ethg[2]"
                 dest-module="Backbone.R[1]" dest-gate="ethg[1]"
                 channel-type="inet.common.misc.ThruputMeteringChannel">
            <param name="delay" value="0.1us" />
            <param name="datarate" value="100Mbps" />
            <param name="thruputDisplayFormat" value='"#N"' />
        </connect>
    </at>
</scenario>
