<?xml version="1.0" encoding="UTF-8"?>
<!-- Sample controller parameters specification for HttpTools. -->
<root>
	<controller-profile id="zipf">
		<serverPopularityDistribution type='zipf' n='' alpha='1.0' zeroBased='true' />    
	</controller-profile>
	<controller-profile id="uniform">
		<serverPopularityDistribution type='uniform' beginning="0" end="" />    
	</controller-profile>
	<controller-profile id="histogram">
		<serverPopularityDistribution type='histogram' bins="[(2,25);(2,50);(2,10);(2,5);(2,45)]" zeroBased='true' />    
	</controller-profile>
</root>
